model,prompt_mode,sample_id,text,true_labels,predicted_labels,raw_response,latency_ms
llama3:8b,few_shot,eetdbsv,Ah what a bummer! Better kill them herons & spoonbills!,disappointment|disgust,anger|annoyance|disgust,"anger, annoyance, disgust",5689.44
llama3:8b,few_shot,eemk6ha,"I wouldn't be surprised. Where I live leavers quite often tend to refer to leaving the EU as ""leaving brexit""",realization,amusement|surprise,"amusement, surprise",917.05
llama3:8b,few_shot,eestc2v,Unfortunately not:,remorse|sadness,disappointment,disappointment,789.54
llama3:8b,few_shot,eeuoyeh,"It's about fucking time, hope this is real.",optimism,admiration|excitement|relief,"admiration, excitement, relief",950.2
llama3:8b,few_shot,efh64o6,"Not a doctor but I don’t think so. Carbon monoxide displaces oxygen, but it doesn’t destroy lung tissue that i know of.",disapproval,neutral,neutral,789.67
llama3:8b,few_shot,ef2qadj,"I want a Doritos crown, too!",desire,amusement|desire,"amusement, desire",1361.99
llama3:8b,few_shot,ef9j776,"I’m glad you fixed Minnesota, because there is a 0% chance we will go Red.",relief,amusement|relief,"relief, amusement",1331.56
llama3:8b,few_shot,ed8eqmb,"Don’t be clinically depressed, go outside! Be happy! 😊",caring,amusement|joy,"amusement, joy",922.65
llama3:8b,few_shot,eeu21sd,History was written by the victors. Now we have history witten by the real truth agreed upon the everybody on the network,realization,admiration|surprise,"admiration, surprise",920.95
llama3:8b,few_shot,eeluyf8,Normally drop n roll. In this case I would remove my clothes because I doubt rolling would help.,disgust,amusement|surprise,"amusement, surprise",848.72
llama3:8b,few_shot,edrtbt9,I love being down by 10+ constantly.... I feel like [NAME] gets dominated by literally everyone.,love,admiration|anger|disappointment|sadness,"admiration, anger, disappointment, sadness",1269.45
llama3:8b,few_shot,ef72tjs,Wow. Yeah does your place autograt at 8 or more ? So sorry 😐,curiosity|sadness|surprise,amusement|curiosity,"amusement, curiosity, apology",871.85
llama3:8b,few_shot,edrbi3g,Also wanna point out that it’s just for like 10mil+ iirc,desire,neutral,neutral,793.03
llama3:8b,few_shot,edkc431,Just read the text of this amendment. I am literally sick to my stomach from reading this. THIS MUST NOT STAND!!,disgust,anger|disappointment|disgust,"anger, disgust, disappointment",922.41
llama3:8b,few_shot,eec579o,"Relatedly, my legs are lean because I run away from my problems.",fear,amusement|relief,"amusement, relief",835.07
llama3:8b,few_shot,ef9fae1,"Cheers, [NAME]!",excitement,amusement,amusement,769.84
llama3:8b,few_shot,eeyrqob,The taste is subjective and it's certainly not good for your health,disapproval,neutral,neutral,856.78
llama3:8b,few_shot,ef9z66d,"I watched that one, her butt is real lol",amusement,amusement,"amusement, amusement",918.62
llama3:8b,few_shot,eei5bwu,[NAME] career ended after he broke his foot when he kicked a seat while blacked out on a party after a Vikings game.,neutral,anger|surprise,"anger, surprise",1030.22
llama3:8b,few_shot,edvt563,I can't imagine how scary that was for you. What is wrong with people?,grief,anger,"anger, sympathy",1325.43
llama3:8b,few_shot,ee6nuu3,"Bhahaha! I’m sorry, that sounds awful.",disgust|remorse,amusement|embarrassment,"amusement, embarrassment",1228.73
llama3:8b,few_shot,ef1m4dm,At least we’re in this together? 😓,relief,admiration|relief,"admiration, relief",918.74
llama3:8b,few_shot,ed32bkj,😂 Lmao your mom’s revenge is pro-level and I love it.,amusement|love,admiration|amusement|joy,"amusement, joy, admiration",896.02
llama3:8b,few_shot,eevwbir,Don’t worry! I was never convicted of anything!,caring,amusement|relief,"relief, amusement",819.9
llama3:8b,few_shot,ed62gjr,> Probably because the guy gets violent because of his ~~ego~~ **fragile sexuality** FTFY,anger,amusement|anger|disgust,"anger, disgust, amusement",944.18
llama3:8b,few_shot,edh2kpn,This is so true!! I'm vaping mango right now! Weird... Wish I was a kid.,desire|realization,amusement|surprise,"amusement, surprise, nostalgia",858.86
llama3:8b,few_shot,edjdsb6,Because you never edit babies while above an armed guard. Come on. Get it together.,anger|annoyance,anger|annoyance,"anger, annoyance",792.89
llama3:8b,few_shot,efb3lmc,So? [NAME] was and is a far higher rated player than [NAME] as much as I like him.,curiosity|love,admiration|approval|disapproval,"admiration, disapproval",909.17
llama3:8b,few_shot,ef8xlar,140k CAN dollar worth NOT 140K BTC. Sorry I did not understood your original question,sadness,annoyance|surprise,"annoyance, surprise",841.01
llama3:8b,few_shot,ef7949v,Thank you so much! We will likely also be doing that haha :),amusement|gratitude,amusement|gratitude,"amusement, gratitude",847.19
llama3:8b,few_shot,ef7gye5,Despite her being on a plastic surgery page getting botox and commenting that it didn’t hurt 🙄,realization,amusement|disgust,"amusement, disgust",869.85
llama3:8b,few_shot,efb7q2j,"Out of curiosity, why won’t you play Odyssey?",curiosity,curiosity|surprise,"curiosity, surprise",915.06
llama3:8b,few_shot,eff05p8,"Was my friends family... They had the wrong address, you're sick dude.",remorse,anger|annoyance|surprise,"anger, annoyance, surprise",1030.88
llama3:8b,few_shot,ed6mamx,Omg this is repulsive,surprise,disgust,"disgust, disgust",1343.63
llama3:8b,few_shot,edcs679,Quoting die hard was his only likable moment,neutral,disappointment,"disdain, disappointment",1452.01
llama3:8b,few_shot,eeljrab,Thank you. I’m sorry that happened to you.,gratitude,neutral,"apology, sympathy",891.42
llama3:8b,few_shot,edgnqjy,Hiya! 😃,excitement|joy,amusement|joy,"amusement, joy",831.44
llama3:8b,few_shot,ed8y73y,And now I'm hungry. Thanks.,gratitude,desire|neutral,"neutral, desire",804.46
llama3:8b,few_shot,edf50hl,Holy shit they’re already in the bonus,nervousness,excitement|surprise,"surprise, excitement",925.15
llama3:8b,few_shot,ee4bva6,Fuck is exactly what she's good for,neutral,anger|disgust,"anger, disgust",814.4
llama3:8b,few_shot,ednxhk4,And he’s also a military veteran with a troubled past who’s now part of a religious cult 🤔,realization|sadness,curiosity|surprise,"curiosity, surprise",1137.41
llama3:8b,few_shot,edlud6c,What are you smoking?,confusion,amusement|annoyance,"amusement, annoyance",1045.81
llama3:8b,few_shot,ee40ae3,"I always tried to go first if possible tbh. You're not gonna get away, might as get it over with quickly.",desire|optimism,anger,anger,1038.51
llama3:8b,few_shot,ef9l72p,WHAT HAPPENED TO THE ORIGINAL,curiosity,anger|disappointment,"anger, disappointment",809.17
llama3:8b,few_shot,ef8jfd9,"First of all, sorry for your loss. Keep in mind that funerals are for the people still alive not the person who has just died.",remorse,approval|disapproval|grief,"grief, disapproval",902.95
llama3:8b,few_shot,efabhr7,"Ah man I finished RDR2 twice, so decided to try out GTA V and ran into [NAME] last night! Awesome character!",admiration|approval|excitement,admiration|excitement|joy,"admiration, excitement, joy",1007.23
llama3:8b,few_shot,ed26ckc,Make sure you actually try sativas. Don't just listen to people bsing about Sativa causing paranoia/anxiety etc.,nervousness,amusement|annoyance,"amusement, annoyance",1334.15
llama3:8b,few_shot,eepomg4,dont get how it was a bad episode. this sub really likes to nitpick i guess.,disappointment,amusement|annoyance,"amusement, annoyance",1284.98
llama3:8b,few_shot,eevd0ih,I CAN DOWNLOAD ADS BUT NOT THE THING ITSELF FFS,anger,anger,"anger, frustration",1264.33
llama3:8b,few_shot,edhn88y,Police work is retail. You're dealing with some tough customers,admiration,annoyance,"annoyance, frustration",920.45
llama3:8b,few_shot,ee1s5s2,Nobody is shaming them for trying to stop article 13. Youtube is being shamed for being hypocrites.,embarrassment,anger|approval|disapproval,"anger, disapproval",818.85
llama3:8b,few_shot,edesq5w,Well [NAME] just missed...so there’s that bit of good news,relief,amusement|relief,"relief, amusement",820.73
llama3:8b,few_shot,eeyc7hc,Idk how you can be definite about that considering [NAME] has never been rocked before.,confusion,amusement|annoyance|surprise,"amusement, surprise, annoyance",1132.56
llama3:8b,few_shot,eda58jj,You here to admit you are fine with existence once born? I thot so,curiosity,admiration|surprise,"admiration, surprise",825.14
llama3:8b,few_shot,eeqyihb,"Yeah, you should divorce your husband. Unless you enjoy being miserable.",joy,anger|annoyance|approval|disapproval,"anger, disapproval, annoyance",875.57
llama3:8b,few_shot,eeukjo0,I just forgot that arguing with people on the internet is useless and like talking to a wall. So Im out.,realization,anger|disappointment,"anger, frustration, disappointment",937.15
llama3:8b,few_shot,eff4fwj,I thought that was the [NAME] special,caring,neutral,neutral,738.29
llama3:8b,few_shot,eed5gq9,"Hey, better safe than sorry with spoilers. But my point stands.",caring,amusement,"amusement, confidence",821.12
llama3:8b,few_shot,edtkg4f,"You forgot about Argentina, 30k people died here because of the USA",grief,anger|disgust|sadness,"anger, disgust, sadness",846.96
llama3:8b,few_shot,eet2tg1,I’m sorry about your pup. At least between the two of them she won’t be neglected? I just feel badly for you.,remorse|sadness,caring|sadness,"caring, sadness, sympathy",872.27
llama3:8b,few_shot,edq1y7t,7-1 ISNT A RIVALRY. [NAME] WIN A FEW MORE AND THEN WE CAN BE FRENEMIES,relief,anger|annoyance,"anger, annoyance",1218.31
llama3:8b,few_shot,ee04857,"That would be my next bumper sticker ""Proudly antisocial"".",pride,admiration|amusement|pride,"admiration, amusement, pride",1362.77
llama3:8b,few_shot,eczbe89,To be fair you haev to have a very high iq to understand this meme,admiration,amusement|surprise,"amusement, surprise",1297.96
llama3:8b,few_shot,ef31ieu,"Neat idea, but it looks terrible as a tool. It's faster to just separate with your hands.",fear|nervousness,admiration|annoyance|disappointment,"admiration, disappointment, annoyance",882.61
llama3:8b,few_shot,edx6rqp,Sucks that [NAME] won't get to play [NAME],anger,anger|disappointment,"anger, disappointment",810.41
llama3:8b,few_shot,ee3tbik,And I never had the idea to keep anything. Too creepy. Maybe our multiple Liberator pillows....,disapproval,amusement|disgust,"disgust, amusement",854.46
llama3:8b,few_shot,ef7huei,How is it racist? I fail to see how.,confusion,anger|curiosity,"anger, curiosity",827.13
llama3:8b,few_shot,eex0izy,Congrats on becoming the owner of this cat! What a beautiful meow.,admiration,admiration|amusement,"admiration, amusement",923.18
llama3:8b,few_shot,eeht93h,"Also here's my starting point on the right, obviously, for my bulk.",pride,neutral,neutral,817.71
llama3:8b,few_shot,ef7ajad,> No one likes being made to vote more often than they have to. My love of the sausage sizzle says otherwise!,love,amusement|surprise,"amusement, surprise",919.82
llama3:8b,few_shot,ee957m4,Ideal situation. I just don't instead why fans are writing him off. He's a beast.,anger|annoyance|disappointment,admiration|approval,"admiration, approval",1173.6
llama3:8b,few_shot,eeqd1yn,I needed this laugh like... damn. This comment is just as good as the OP and the OP is pretty amazing. 🙌,approval|desire,admiration|amusement,"amusement, admiration",819.3
llama3:8b,few_shot,edce0z0,This isn’t true right? That would be incredibly funny,amusement,amusement|surprise,"amusement, surprise",974.11
llama3:8b,few_shot,edugdfu,> The defunct club still sit third in the overall NI league roll of honour despite not having competed for 70 years. Wow,surprise,admiration|surprise,"admiration, surprise",919.14
llama3:8b,few_shot,edy7ljb,Being the most hated team of the refs is fun huh guys?,amusement|curiosity,amusement|annoyance,"amusement, annoyance",1226.72
llama3:8b,few_shot,edrrz8a,Oh yeah? Come back when you drop your stew on the floor before eating any.,joy,anger|annoyance,"anger, annoyance",1225.23
llama3:8b,few_shot,edb9roy,Wow. Yes,excitement|surprise,amusement|surprise,"amusement, surprise",1230.71
llama3:8b,few_shot,edm75up,Hell yeah. Enjoy your new bachelor life son!,joy,amusement|approval|excitement,"amusement, approval, excitement",915.79
llama3:8b,few_shot,edc6je2,"I love bein' inside u, baby",love,desire|love,"love, desire",818.13
llama3:8b,few_shot,eemuzc7,This happened to me in the same hour of the discard! Went from shouting to supportive friend within 45 mins.,annoyance,admiration|excitement|surprise,"admiration, surprise, excitement",925.13
llama3:8b,few_shot,edv19pi,I would be creeped out.,fear,disgust|fear,"fear, disgust",923.09
llama3:8b,few_shot,ef5axo8,"Myself preferring daytime, 2 to 2.5 hours would be more than reasonable as long as the effect to the SB is not work stressing.",caring,neutral,neutral,814.03
llama3:8b,few_shot,eduoa8a,"the father sending up 4 donuts every morning via stair lift to dtr, before she even comes down to breakfast, wonders if he is enabling her.",surprise,admiration|curiosity,"admiration, curiosity, concern",897.45
llama3:8b,few_shot,eeuhyfj,Venezuela has uniquely terrible oil.,fear|nervousness,disappointment|disgust,"disgust, disappointment",941.62
llama3:8b,few_shot,eekn7e7,>[NAME] dead body lie the mud and she have smug face because she had her revenge against [NAME] What scene was this?,neutral,admiration|amusement,"admiration, amusement, satisfaction",920.32
llama3:8b,few_shot,edp988f,It still seems dangerous,fear|nervousness,fear,"fear, concern",919.78
llama3:8b,few_shot,ee283pj,Getting tougher to make those mortgage **and** car payments.,sadness,neutral,"anxiety, frustration",920.2
llama3:8b,few_shot,eewqnhw,"Yes, I do. I'm open to dating from anywhere- friends of friends, nights out, online.",joy,amusement|optimism,"amusement, optimism",1228.4
llama3:8b,few_shot,ed96274,Same cfn as reddit tag? I'm curious to see this.,curiosity,curiosity,curiosity,1137.25
llama3:8b,few_shot,edfpfyv,what is cringe about this?,embarrassment,amusement|curiosity,"amusement, curiosity",1230.11
llama3:8b,few_shot,edicuow,"""You might feel some slight discomfort""",nervousness,fear,"fear, discomfort",1317.91
llama3:8b,few_shot,ef58dnl,"If you eat plants, you are eating animal’s food. That is so cruel!",anger,anger|approval|disapproval|disgust,"anger, disgust, disapproval",1020.2
llama3:8b,few_shot,ee77wjf,The highest rate of eating disorder in men is binge eating disorder... I fail to see how a pressure to l ok good causes binge eating disorder,disappointment,anger|approval|disapproval,"anger, disapproval",918.45
llama3:8b,few_shot,eer5zb1,at least it wasn’t the evil [NAME].,relief,amusement|relief,"relief, amusement",846.49
llama3:8b,few_shot,ed4kt82,It dulls the pain,nervousness,neutral,neutral,790.94
llama3:8b,few_shot,edcaznm,You really think the Senate and then [NAME] will sign this lmao?,amusement,amusement|surprise,"amusement, surprise",919.22
llama3:8b,few_shot,ef85wa9,that's hysterical. two legitimate babes.,annoyance,admiration|amusement,"amusement, admiration",920.34
llama3:8b,few_shot,eedkb67,Well that’s not what was said he said drugs that kill you sooner than your meant to die.. nicotine fits that description,fear|grief|nervousness,anger|disgust,"anger, disgust",923.0
llama3:8b,few_shot,edgr9zl,I have trouble even remembering what true happiness feels like,sadness,disappointment|sadness,"sadness, disappointment",918.43
llama3:8b,few_shot,ef9gr3l,I thought it was like a fake url sorry,disapproval,embarrassment,"apology, embarrassment",924.83
llama3:8b,few_shot,eeeh3hi,is [NAME] coming back?,curiosity,curiosity|surprise,"curiosity, surprise",794.51
llama3:8b,few_shot,edzdwxi,I didn't think it was that bad tbh,surprise,neutral,neutral,838.9
llama3:8b,few_shot,ed3otkz,Love how he stops and embraces the pole.,love,admiration|amusement,"admiration, amusement",919.64
llama3:8b,few_shot,ed5f1q6,oh thats nasty!,annoyance,disgust,"disgust, disgust",1329.56
llama3:8b,few_shot,ef1bkoq,I need the snapchatzzzz give me names damnit,desire,anger,"anger, frustration",1201.52
llama3:8b,few_shot,eefeg9d,Oops! The lack of free trade caused the death of 20 Million proletariat!,grief|realization,anger|disgust|sadness,"anger, disgust, sadness",1231.36
llama3:8b,few_shot,eewpvpw,I like waitresses. Aren't they swell.,approval|curiosity,admiration|amusement,"admiration, amusement",797.13
llama3:8b,few_shot,ee3iou4,I'm pretty relaxed thanks for the concern though,gratitude,neutral,"relaxation, appreciation",862.87
llama3:8b,few_shot,eejmqgl,Damn it!,disappointment,anger,anger,756.97
llama3:8b,few_shot,ef4sk1n,I'm slippery,embarrassment,amusement,amusement,745.03
llama3:8b,few_shot,eem5plb,> I am not [begging] for money Yes you are. Rule 2.,sadness,anger|annoyance,"anger, annoyance",949.24
llama3:8b,few_shot,efgu1bo,Teach her the importance of standing up for herself and being a strong person,caring,admiration|approval,"admiration, approval",920.47
llama3:8b,few_shot,ed4hkk7,"I'm not advocating eating the pain away, but bring apples just in case.",sadness,amusement|neutral,"amusement, neutrality",807.33
llama3:8b,few_shot,ee4bmux,"I'm curious, what you mean?",curiosity,curiosity,curiosity,1068.32
llama3:8b,few_shot,eel6g5c,Its that classic rare games bring everyone together,approval,admiration|joy,"admiration, joy",886.02
llama3:8b,few_shot,edx5jjx,*Claims to know Chinese people and Chinese culture* *doesn't even speak the language*,disapproval,amusement|annoyance,"amusement, annoyance",921.11
llama3:8b,few_shot,efdt2uc,"you have zero evidence that anything in this story is fabricated. your blind cop hatred just really, really wants you to believe that.",annoyance,anger|annoyance,"anger, annoyance",816.82
llama3:8b,few_shot,eeovxiz,She has an amazing voice,admiration,admiration|joy,"admiration, joy",1075.59
llama3:8b,few_shot,eei2lpa,Oh my [NAME]. The hand mixer instead of forks. Shredding poultry is like my least favorite thing on Earth,surprise,annoyance|disgust,"disgust, annoyance",1232.55
llama3:8b,few_shot,ee1wky7,"That's the death mark, Looks like you've been chosen for sacrifice. Sorry bud",remorse|sadness,anger|disgust|fear,"anger, fear, disgust",1202.15
llama3:8b,few_shot,eez20qy,My dude looks like he's done with this WWE business,optimism,amusement|annoyance,"amusement, annoyance",1141.38
llama3:8b,few_shot,edw79la,You are BOTH awful people.,disgust,anger|approval|disapproval|disgust,"anger, disgust, disapproval",1002.86
llama3:8b,few_shot,ed9oay6,Because love is a lie and there is no happiness in the world,love,disgust|sadness,"disgust, sadness",838.48
llama3:8b,few_shot,ed6510j,Our knight in shining armor. I'll miss those high socks,disappointment,admiration,"admiration, nostalgia",795.89
llama3:8b,few_shot,ef9evqj,"The caption is kinda stupid, but I like the photo.",pride,amusement|approval|disapproval,"amusement, disapproval",894.72
llama3:8b,few_shot,eeiewym,"[NAME], the ""launch more satellites or threaten to sue [NAME]"" one made me lose it.",fear|nervousness,anger|annoyance,"anger, annoyance",801.15
llama3:8b,few_shot,ef1x0j8,Does this attitude go for anything where you accidently end up killing someone via stupid behaviour?,annoyance,anger|disgust,"anger, disgust",1109.34
llama3:8b,few_shot,ees0it8,right and hope you don't realize until too late that you're way better than me,optimism,admiration|surprise,"admiration, surprise",816.19
llama3:8b,few_shot,ee6vrtp,All jokes aside my birthday is January 2nd as well if yours really is,surprise,amusement|surprise,"amusement, surprise",855.98
llama3:8b,few_shot,eer2s8d,they are going to need a gardener soon!!,joy,admiration|amusement|annoyance,"admiration, amusement, annoyance",873.95
llama3:8b,few_shot,ed5bawt,You're all insane.,annoyance,anger|disgust,"anger, disgust",791.41
llama3:8b,few_shot,efey3id,"You hit the nail on the head, my friend.",sadness,admiration|approval,"admiration, approval",889.75
llama3:8b,few_shot,efh2zh5,"I don't know who the hell that is, but I will gladly upvote your post because it's not a stupid driving rant.",pride,amusement|annoyance|approval,"amusement, annoyance, approval",1223.04
llama3:8b,few_shot,eeqmor1,Do You Shit Fart?,disgust,amusement|disgust,"amusement, disgust",1175.54
llama3:8b,few_shot,efbfa98,"To see how much he really cares, what he will do, it usually backfires on me though :(",disappointment,admiration|caring|disappointment|sadness,"admiration, caring, disappointment, sadness",1332.83
llama3:8b,few_shot,eerul6l,"Honestly, this would creep me out a bit.",nervousness,disgust,"disgust, unease",900.85
llama3:8b,few_shot,eepr8wm,"Thank you for your reply. It gives me hope, and I will your previous post in a bit.",gratitude|optimism,gratitude|optimism,"optimism, gratitude",1198.03
llama3:8b,few_shot,ee4h3c5,"From my experience minoxidil only stops loss, unfortunately it doesn't encourage new growth",sadness,disappointment,"disappointment, frustration",921.2
llama3:8b,few_shot,efh6z5r,Waited 4 months for trash. But hey I can drive the truck around and live out my can recycling fantasy.,pride,amusement,"amusement, frustration",922.46
llama3:8b,few_shot,eejpx39,"Now that's brilliant... 30? woah. I'm only 19, hope it doesn't take me that long",optimism,admiration|nervousness|surprise,"admiration, surprise, nervousness",918.36
llama3:8b,few_shot,eetm3f1,"Oh I'm sure you did. That's why you posted it 3 times, huh?",approval|curiosity,amusement|annoyance,"annoyance, amusement",837.6
llama3:8b,few_shot,edfuupy,Chills. I can’t wait. I’m sure [NAME] will get over this not being happy because they have bigger fish to fry.,nervousness,admiration|excitement|relief,"admiration, excitement, relief",898.67
llama3:8b,few_shot,ee1y23c,Poor [NAME] doesn't deserve that!,remorse|sadness,anger|approval|disapproval|sadness,"anger, disapproval, sadness",923.38
llama3:8b,few_shot,eez33s9,Oh my gosh. This woman who died also had a son who died. Holy tragedy,grief|surprise,grief|sadness,"grief, sadness",818.18
llama3:8b,few_shot,efg6uzp,"I'm tall but no one is attracted to me, because I'm ugly, I have a big nose and ears.",embarrassment,disappointment|disgust|sadness,"disappointment, sadness, disgust",1148.65
llama3:8b,few_shot,edd6o6j,Brave move. Congrats and best of luck.,admiration|joy,admiration|approval|optimism,"admiration, approval, optimism",922.36
llama3:8b,few_shot,eewy24f,One of the more disgusting virtue signals I've seen,disgust,annoyance|disgust,"disgust, annoyance",1217.54
llama3:8b,few_shot,edlxy2l,I saw that [NAME] page was already updated with head coach of AZ as well.,amusement,admiration|surprise,"admiration, surprise",1314.83
llama3:8b,few_shot,eerlb8c,Hot damn... we're going to Sea World!,excitement,amusement|excitement,"amusement, excitement",1234.02
llama3:8b,few_shot,edb2nxi,"I'm the first one, so that's wrong. Party affiliation =/= political leaning",embarrassment|sadness,anger|annoyance,"anger, annoyance",882.23
llama3:8b,few_shot,ee7j6q5,I mean yeah we were the best counter attacking team. That counter was so disappointing,disappointment,admiration|disappointment,"admiration, disappointment",819.06
llama3:8b,few_shot,eeadvnp,That's really sad and shocking to hear this Really embarrassed to be a human being on this earth...,sadness,embarrassment|sadness,"sadness, shame, embarrassment",967.41
llama3:8b,few_shot,ef16i3p,[NAME] had them a few months ago. Friend bought some for her sick dog.,caring,caring|neutral,"caring, neutrality",901.31
llama3:8b,few_shot,edn975u,"I mean, it'd be nice to see some other teams in the championship anyways, it's been Bama vs. Clemson 3/4 past years",desire,neutral,neutral,780.33
llama3:8b,few_shot,eehj2sm,"You’re heartless if you’re calling people who smoke marijuana “druggies” and I’m done arguing with you, have a nice day.",anger|annoyance,anger|annoyance,"anger, annoyance, frustration",961.36
llama3:8b,few_shot,eehipe5,"I'd love [NAME], boy can shoot",admiration|caring|love,admiration|excitement,"admiration, excitement",921.25
llama3:8b,few_shot,ed5aniw,Are you sincerely saying that [NAME] are bad because they were in the minority?,disgust,anger|approval|disapproval,"anger, disapproval",803.34
llama3:8b,few_shot,edoojkb,I wish I had seen this as a teenager :(,desire,sadness,"regret, sadness",818.61
llama3:8b,few_shot,edrf7wa,What a poor woman who only wanted to tell someone what to do.,grief|sadness,admiration,"admiration, sympathy",838.67
llama3:8b,few_shot,ee28ihz,I'm not sure. There's some good youtube compilations of him.,excitement,neutral,neutral,810.53
llama3:8b,few_shot,ee4p8ut,"Considering how many of this involves hiding bottles, it wouldn’t surprise me.",confusion|curiosity,amusement|curiosity,"amusement, curiosity",1020.43
llama3:8b,few_shot,ef2nsi8,I love this sub,love,admiration|joy,"admiration, joy",1331.69
llama3:8b,few_shot,ees9f62,"To the rest of the world, I would like to say, ""Sorry.""",remorse,remorse,"remorse, apology",1328.9
llama3:8b,few_shot,ed8p8um,"Had a quick listen and it could potentially be my jam! Thank you, kind [NAME] :)",gratitude,amusement|joy,"amusement, joy",1023.55
llama3:8b,few_shot,eehzcer,that's a proud dad,pride,pride,pride,742.58
llama3:8b,few_shot,eez0eck,I'm worried he choked to death before he could finish the sentence.,grief|nervousness,fear|surprise,"fear, surprise",893.11
llama3:8b,few_shot,edzgaty,True! He probably is just lonely. Thank you for the kind words :),excitement|gratitude,admiration|caring|gratitude,"admiration, gratitude, caring",952.34
llama3:8b,few_shot,ed77yvz,Wtf Powerhouse Macomb is the gym I go to. I've never seen this dude there.,surprise,curiosity|surprise,"surprise, curiosity",851.97
llama3:8b,few_shot,eddfkcx,"What is the point of this app? Not much is given on their page on the app store other than ""fun""",joy,confusion|disappointment,"confusion, disappointment",857.03
llama3:8b,few_shot,ef7de4k,"Didnt know that, just saw ""LG"" devices and got nervous. Bummer for you though, that sucks :/",annoyance|nervousness|realization,disappointment|nervousness|surprise,"surprise, nervousness, disappointment, sympathy",1023.57
llama3:8b,few_shot,eerai8z,Pleasure!:),joy,amusement|joy,"amusement, joy",814.54
llama3:8b,few_shot,edqymza,Is that not with mice though? I could be wrong or maybe its rats & mice. Edit: field mice in particular.,confusion,curiosity|neutral,"curiosity, neutrality",1232.55
llama3:8b,few_shot,edz70xl,nice try buddy,optimism,amusement|approval,"amusement, approval",1225.63
llama3:8b,few_shot,ed4c8ce,Taking a charge up 30. I love this team,love,admiration|excitement,"admiration, excitement",829.4
llama3:8b,few_shot,eeo4b7n,"Couldn't really fit this as a ""how to,"" does that mean I have to go to jail now? Source:",fear,amusement|confusion,"confusion, amusement",1318.39
llama3:8b,few_shot,eel5lra,"I never thought this fatality fit him, unlike [NAME] or [NAME].",grief,admiration|surprise,"admiration, surprise",1236.17
llama3:8b,few_shot,ef4k8a4,"Yes, you are a lucky man. Treat her well, for the rest of your life.",approval|caring,admiration|gratitude|love,"admiration, love, gratitude",1260.66
llama3:8b,few_shot,ee8xbjc,I feel uncomfortable how we didn’t see him resurface...,embarrassment,sadness,"discomfort, sadness",912.72
llama3:8b,few_shot,eed4o1l,I'm still worried about [NAME] though :(,nervousness,fear,"fear, concern",888.06
llama3:8b,few_shot,eeues0x,Thank you for that. I just want to feel safe secure and loved just once.,gratitude|love,desire|love,"desire, love",822.61
llama3:8b,few_shot,ed8zhn6,"Preach in such a way that if people don't end up hating their sin, they end up hating you. -[NAME]",realization,admiration|approval|disapproval,"admiration, disapproval",915.6
llama3:8b,few_shot,edfv5h7,"Man, and I thought the princess and the toad was an odd story",neutral,amusement|surprise,"amusement, surprise",803.62
llama3:8b,few_shot,eduvl0h,[NAME] baby where you going.,neutral,curiosity|surprise,"curiosity, surprise",837.39
llama3:8b,few_shot,edbs8eq,"It turns out he works for [NAME], so maybe your instinctive distrust might not have been the worst first reaction.",optimism,admiration|surprise,"admiration, surprise",879.8
llama3:8b,few_shot,edaik69,I didn't realise,realization,confusion,confusion,791.35
llama3:8b,few_shot,eepceyo,r/iamverysmart and r/woooosh in one. That is just about how pathetic one can be.,disapproval,amusement|disgust|embarrassment,"amusement, disgust, embarrassment",891.42
llama3:8b,few_shot,ef9uiqv,"Thanks, didn't know that",gratitude,curiosity|surprise,"curiosity, surprise",906.72
llama3:8b,few_shot,efa4gh9,"Thats what makes me think OP is secretly the ""nice guy"" here.",admiration,admiration|amusement,"admiration, amusement",848.28
llama3:8b,few_shot,edumuib,What deal did [NAME] make to the **benefit** of the Syrian [NAME]??,confusion,curiosity|surprise,"curiosity, surprise",828.63
llama3:8b,few_shot,ee8lyzf,"Okay, enough me being a great mom.",pride,admiration|pride,"admiration, pride",1292.07
llama3:8b,few_shot,eet3ns7,Mmmm traveling for work often isn't exactly the most desirable situation. It can be exhausting.,neutral,annoyance|disappointment,"annoyance, disappointment",1327.94
llama3:8b,few_shot,efgpsll,"I have no idea what you’re talking about, so do you have carpentry experience and/or background in engineering?",confusion|curiosity,confusion,confusion,1224.28
llama3:8b,few_shot,ee5bn91,that is a rather attractive cartoon man,excitement,admiration|amusement,"admiration, amusement",923.3
llama3:8b,few_shot,eczcky9,Yea it’s so weird,embarrassment,curiosity|surprise,"curiosity, surprise",817.34
llama3:8b,few_shot,eer0ao4,"Lol at the caption, but I believe it’s Netflix’s new original movie Close.",approval,amusement|surprise,"amusement, surprise",813.42
llama3:8b,few_shot,efdcedw,That's ok I get it exactly you're ok with me,approval,admiration|approval|relief,"admiration, approval, relief",1227.37
llama3:8b,few_shot,eejlu2l,"Yes, thankfully it has never happened to me, asking out of (morbid) curiosity.",relief,amusement|curiosity,"amusement, curiosity",932.25
llama3:8b,few_shot,edosedi,At first glance I thought he was just being a good citizen and trying to perform CPR on the poor guy,optimism,admiration|surprise,"admiration, surprise",915.37
llama3:8b,few_shot,eeadamq,not worrying about being condemned to eternal hellfire for it takes away one impediment.,disapproval,amusement|relief,"amusement, relief",931.69
llama3:8b,few_shot,efafosi,I have little to no anxiety and it really helps me when i have to take a test.,relief,relief,"relief, calmness",1008.41
