model,sample_id,text,true_labels,predicted_labels,raw_response,latency_ms
llama3:8b,eetdbsv,Ah what a bummer! Better kill them herons & spoonbills!,disappointment|disgust,anger|disgust,"anger, disgust",91067.96
llama3:8b,eemk6ha,"I wouldn't be surprised. Where I live leavers quite often tend to refer to leaving the EU as ""leaving brexit""",realization,amusement|surprise,"amusement, surprise",861.67
llama3:8b,eestc2v,Unfortunately not:,remorse|sadness,disappointment|sadness,"disappointment, sadness",829.37
llama3:8b,eeuoyeh,"It's about fucking time, hope this is real.",optimism,anger|excitement|relief,"anger, relief, excitement",1189.87
llama3:8b,efh64o6,"Not a doctor but I don’t think so. Carbon monoxide displaces oxygen, but it doesn’t destroy lung tissue that i know of.",disapproval,amusement,"amusement, skepticism",869.09
llama3:8b,ef2qadj,"I want a Doritos crown, too!",desire,amusement|desire,"amusement, desire",1220.01
llama3:8b,ef9j776,"I’m glad you fixed Minnesota, because there is a 0% chance we will go Red.",relief,amusement|relief,"relief, amusement",1235.05
llama3:8b,ed8eqmb,"Don’t be clinically depressed, go outside! Be happy! 😊",caring,amusement|joy,"amusement, joy",1219.01
llama3:8b,eeu21sd,History was written by the victors. Now we have history witten by the real truth agreed upon the everybody on the network,realization,anger,"anger, frustration",770.88
llama3:8b,eeluyf8,Normally drop n roll. In this case I would remove my clothes because I doubt rolling would help.,disgust,amusement|embarrassment,"amusement, embarrassment",845.74
llama3:8b,edrtbt9,I love being down by 10+ constantly.... I feel like [NAME] gets dominated by literally everyone.,love,anger|disappointment,"disappointment, anger, frustration",864.67
llama3:8b,ef72tjs,Wow. Yeah does your place autograt at 8 or more ? So sorry 😐,curiosity|sadness|surprise,amusement|neutral,"neutral, amusement",897.95
llama3:8b,edrbi3g,Also wanna point out that it’s just for like 10mil+ iirc,desire,neutral,neutral,818.7
llama3:8b,edkc431,Just read the text of this amendment. I am literally sick to my stomach from reading this. THIS MUST NOT STAND!!,disgust,anger|disgust,"anger, disgust, frustration",918.98
llama3:8b,eec579o,"Relatedly, my legs are lean because I run away from my problems.",fear,amusement|annoyance|sadness,"amusement, annoyance, sadness",869.59
llama3:8b,ef9fae1,"Cheers, [NAME]!",excitement,amusement|joy,"amusement, joy",811.95
llama3:8b,eeyrqob,The taste is subjective and it's certainly not good for your health,disapproval,approval|disapproval|disgust,"disapproval, disgust",819.21
llama3:8b,ef9z66d,"I watched that one, her butt is real lol",amusement,amusement,"amusement, amusement",872.96
llama3:8b,eei5bwu,[NAME] career ended after he broke his foot when he kicked a seat while blacked out on a party after a Vikings game.,neutral,amusement|disappointment|surprise,"disappointment, surprise, amusement",918.83
llama3:8b,edvt563,I can't imagine how scary that was for you. What is wrong with people?,grief,anger|disgust,"anger, sympathy, disgust",1206.88
llama3:8b,ee6nuu3,"Bhahaha! I’m sorry, that sounds awful.",disgust|remorse,amusement|approval|disapproval|relief,"amusement, relief, disapproval",1334.5
llama3:8b,ef1m4dm,At least we’re in this together? 😓,relief,disappointment|sadness,"disappointment, sadness",1225.15
llama3:8b,ed32bkj,😂 Lmao your mom’s revenge is pro-level and I love it.,amusement|love,amusement|joy|love,"amusement, joy, love",871.31
llama3:8b,eevwbir,Don’t worry! I was never convicted of anything!,caring,amusement|relief,"relief, amusement",1190.77
llama3:8b,ed62gjr,> Probably because the guy gets violent because of his ~~ego~~ **fragile sexuality** FTFY,anger,amusement|anger|disgust,"anger, disgust, amusement",859.76
llama3:8b,edh2kpn,This is so true!! I'm vaping mango right now! Weird... Wish I was a kid.,desire|realization,amusement|surprise,"amusement, surprise, nostalgia",869.95
llama3:8b,edjdsb6,Because you never edit babies while above an armed guard. Come on. Get it together.,anger|annoyance,anger|annoyance|disgust,"anger, annoyance, disgust",847.2
llama3:8b,efb3lmc,So? [NAME] was and is a far higher rated player than [NAME] as much as I like him.,curiosity|love,annoyance|approval|disapproval,"disapproval, annoyance",852.99
llama3:8b,ef8xlar,140k CAN dollar worth NOT 140K BTC. Sorry I did not understood your original question,sadness,annoyance|surprise,"annoyance, surprise",846.35
llama3:8b,ef7949v,Thank you so much! We will likely also be doing that haha :),amusement|gratitude,amusement|gratitude,"amusement, gratitude",938.55
llama3:8b,ef7gye5,Despite her being on a plastic surgery page getting botox and commenting that it didn’t hurt 🙄,realization,amusement|annoyance,"amusement, annoyance",922.55
llama3:8b,efb7q2j,"Out of curiosity, why won’t you play Odyssey?",curiosity,curiosity|surprise,"curiosity, surprise",817.62
llama3:8b,eff05p8,"Was my friends family... They had the wrong address, you're sick dude.",remorse,anger|annoyance|surprise,"anger, annoyance, surprise",916.47
llama3:8b,ed6mamx,Omg this is repulsive,surprise,anger|disgust,"disgust, anger",1233.95
llama3:8b,edcs679,Quoting die hard was his only likable moment,neutral,annoyance|disappointment,"disappointment, annoyance",1227.97
llama3:8b,eeljrab,Thank you. I’m sorry that happened to you.,gratitude,neutral,"apology, sympathy",1221.72
llama3:8b,edgnqjy,Hiya! 😃,excitement|joy,amusement,amusement,779.24
llama3:8b,ed8y73y,And now I'm hungry. Thanks.,gratitude,annoyance|desire,"annoyance, desire",1268.96
llama3:8b,edf50hl,Holy shit they’re already in the bonus,nervousness,amusement|excitement|surprise,"surprise, excitement, amusement",868.74
llama3:8b,ee4bva6,Fuck is exactly what she's good for,neutral,anger|annoyance|disgust,"anger, disgust, annoyance",871.18
llama3:8b,ednxhk4,And he’s also a military veteran with a troubled past who’s now part of a religious cult 🤔,realization|sadness,curiosity|disgust|surprise,"curiosity, surprise, disgust",1226.87
llama3:8b,edlud6c,What are you smoking?,confusion,anger|annoyance,"anger, annoyance",791.5
llama3:8b,ee40ae3,"I always tried to go first if possible tbh. You're not gonna get away, might as get it over with quickly.",desire|optimism,anger|annoyance,"anger, annoyance",845.49
llama3:8b,ef9l72p,WHAT HAPPENED TO THE ORIGINAL,curiosity,anger|disappointment|surprise,"anger, disappointment, surprise",853.24
llama3:8b,ef8jfd9,"First of all, sorry for your loss. Keep in mind that funerals are for the people still alive not the person who has just died.",remorse,annoyance|disappointment,"disappointment, annoyance",813.9
llama3:8b,efabhr7,"Ah man I finished RDR2 twice, so decided to try out GTA V and ran into [NAME] last night! Awesome character!",admiration|approval|excitement,amusement|excitement|joy,"amusement, excitement, joy",870.87
llama3:8b,ed26ckc,Make sure you actually try sativas. Don't just listen to people bsing about Sativa causing paranoia/anxiety etc.,nervousness,amusement|annoyance|approval|disapproval,"amusement, annoyance, disapproval",952.59
llama3:8b,eepomg4,dont get how it was a bad episode. this sub really likes to nitpick i guess.,disappointment,amusement|annoyance,"amusement, annoyance",1172.12
llama3:8b,eevd0ih,I CAN DOWNLOAD ADS BUT NOT THE THING ITSELF FFS,anger,anger|annoyance,"anger, frustration, annoyance",1224.22
llama3:8b,edhn88y,Police work is retail. You're dealing with some tough customers,admiration,annoyance,"annoyance, frustration",1220.88
llama3:8b,ee1s5s2,Nobody is shaming them for trying to stop article 13. Youtube is being shamed for being hypocrites.,embarrassment,amusement|anger|approval|disapproval,"anger, amusement, disapproval",977.41
llama3:8b,edesq5w,Well [NAME] just missed...so there’s that bit of good news,relief,amusement|relief,"relief, amusement",801.51
llama3:8b,eeyc7hc,Idk how you can be definite about that considering [NAME] has never been rocked before.,confusion,annoyance|disappointment,"disappointment, annoyance",835.59
llama3:8b,eda58jj,You here to admit you are fine with existence once born? I thot so,curiosity,amusement|anger,"anger, amusement",921.11
llama3:8b,eeqyihb,"Yeah, you should divorce your husband. Unless you enjoy being miserable.",joy,anger|approval|disapproval|sadness,"anger, disapproval, sadness",921.11
llama3:8b,eeukjo0,I just forgot that arguing with people on the internet is useless and like talking to a wall. So Im out.,realization,anger|relief,"anger, frustration, relief",853.65
llama3:8b,eff4fwj,I thought that was the [NAME] special,caring,admiration|surprise,"admiration, surprise",785.03
llama3:8b,eed5gq9,"Hey, better safe than sorry with spoilers. But my point stands.",caring,amusement|neutral,"neutral, amusement",812.21
llama3:8b,edtkg4f,"You forgot about Argentina, 30k people died here because of the USA",grief,anger|disgust|sadness,"anger, disgust, sadness",925.34
llama3:8b,eet2tg1,I’m sorry about your pup. At least between the two of them she won’t be neglected? I just feel badly for you.,remorse|sadness,sadness,"sadness, sympathy, regret",875.81
llama3:8b,edq1y7t,7-1 ISNT A RIVALRY. [NAME] WIN A FEW MORE AND THEN WE CAN BE FRENEMIES,relief,amusement|anger|annoyance,"anger, annoyance, amusement",832.86
llama3:8b,ee04857,"That would be my next bumper sticker ""Proudly antisocial"".",pride,amusement|pride,"amusement, pride",1011.17
llama3:8b,eczbe89,To be fair you haev to have a very high iq to understand this meme,admiration,amusement,"amusement, superiority",1273.37
llama3:8b,ef31ieu,"Neat idea, but it looks terrible as a tool. It's faster to just separate with your hands.",fear|nervousness,annoyance|disappointment,"disappointment, annoyance",1224.55
llama3:8b,edx6rqp,Sucks that [NAME] won't get to play [NAME],anger,disappointment|sadness,"disappointment, sadness",1126.93
llama3:8b,ee3tbik,And I never had the idea to keep anything. Too creepy. Maybe our multiple Liberator pillows....,disapproval,annoyance|disgust,"disgust, annoyance",920.64
llama3:8b,ef7huei,How is it racist? I fail to see how.,confusion,anger|confusion,"anger, confusion",816.74
llama3:8b,eex0izy,Congrats on becoming the owner of this cat! What a beautiful meow.,admiration,admiration|amusement|joy,"admiration, joy, amusement",921.58
llama3:8b,eeht93h,"Also here's my starting point on the right, obviously, for my bulk.",pride,neutral,neutral,821.36
llama3:8b,ef7ajad,> No one likes being made to vote more often than they have to. My love of the sausage sizzle says otherwise!,love,amusement|surprise,"amusement, surprise",904.57
llama3:8b,ee957m4,Ideal situation. I just don't instead why fans are writing him off. He's a beast.,anger|annoyance|disappointment,admiration|approval|excitement,"admiration, approval, excitement",933.98
llama3:8b,eeqd1yn,I needed this laugh like... damn. This comment is just as good as the OP and the OP is pretty amazing. 🙌,approval|desire,admiration|amusement|excitement,"amusement, admiration, excitement",920.1
llama3:8b,edce0z0,This isn’t true right? That would be incredibly funny,amusement,amusement|surprise,"amusement, surprise",920.56
llama3:8b,edugdfu,> The defunct club still sit third in the overall NI league roll of honour despite not having competed for 70 years. Wow,surprise,amusement|surprise,"amusement, surprise",918.12
llama3:8b,edy7ljb,Being the most hated team of the refs is fun huh guys?,amusement|curiosity,amusement|anger|annoyance,"anger, annoyance, amusement",921.14
llama3:8b,edrrz8a,Oh yeah? Come back when you drop your stew on the floor before eating any.,joy,anger|annoyance,"anger, annoyance",793.26
llama3:8b,edb9roy,Wow. Yes,excitement|surprise,amusement|surprise,"amusement, surprise",1255.48
llama3:8b,edm75up,Hell yeah. Enjoy your new bachelor life son!,joy,amusement|approval|excitement,"amusement, excitement, approval",1327.26
llama3:8b,edc6je2,"I love bein' inside u, baby",love,desire|love,"love, desire",1227.35
llama3:8b,eemuzc7,This happened to me in the same hour of the discard! Went from shouting to supportive friend within 45 mins.,annoyance,anger|relief|surprise,"anger, surprise, relief",923.49
llama3:8b,edv19pi,I would be creeped out.,fear,anger|disgust,"anger, disgust",813.54
llama3:8b,ef5axo8,"Myself preferring daytime, 2 to 2.5 hours would be more than reasonable as long as the effect to the SB is not work stressing.",caring,neutral,neutral,778.47
llama3:8b,eduoa8a,"the father sending up 4 donuts every morning via stair lift to dtr, before she even comes down to breakfast, wonders if he is enabling her.",surprise,amusement|curiosity,"amusement, concern, curiosity",1238.66
llama3:8b,eeuhyfj,Venezuela has uniquely terrible oil.,fear|nervousness,anger|disappointment|disgust,"anger, disgust, disappointment",974.94
llama3:8b,eekn7e7,>[NAME] dead body lie the mud and she have smug face because she had her revenge against [NAME] What scene was this?,neutral,admiration|amusement|anger,"admiration, amusement, anger, satisfaction",1002.62
llama3:8b,edp988f,It still seems dangerous,fear|nervousness,fear,"fear, concern",815.91
llama3:8b,ee283pj,Getting tougher to make those mortgage **and** car payments.,sadness,annoyance,"annoyance, frustration",925.57
llama3:8b,eewqnhw,"Yes, I do. I'm open to dating from anywhere- friends of friends, nights out, online.",joy,amusement|desire|optimism,"amusement, optimism, desire",911.72
llama3:8b,ed96274,Same cfn as reddit tag? I'm curious to see this.,curiosity,amusement|curiosity,"curiosity, amusement",818.11
llama3:8b,edfpfyv,what is cringe about this?,embarrassment,amusement|annoyance,"annoyance, amusement",865.52
llama3:8b,edicuow,"""You might feel some slight discomfort""",nervousness,neutral,"discomfort, anxiety",1591.44
llama3:8b,ef58dnl,"If you eat plants, you are eating animal’s food. That is so cruel!",anger,anger|approval|disapproval|disgust,"anger, disgust, disapproval",1633.69
llama3:8b,ee77wjf,The highest rate of eating disorder in men is binge eating disorder... I fail to see how a pressure to l ok good causes binge eating disorder,disappointment,anger|approval|disappointment|disapproval,"anger, disappointment, disapproval",1234.41
llama3:8b,eer5zb1,at least it wasn’t the evil [NAME].,relief,amusement|relief,"relief, amusement",919.48
llama3:8b,ed4kt82,It dulls the pain,nervousness,disappointment|sadness,"disappointment, sadness",797.47
llama3:8b,edcaznm,You really think the Senate and then [NAME] will sign this lmao?,amusement,amusement|annoyance,"amusement, annoyance",951.11
llama3:8b,ef85wa9,that's hysterical. two legitimate babes.,annoyance,amusement,"amusement, amusement",909.64
llama3:8b,eedkb67,Well that’s not what was said he said drugs that kill you sooner than your meant to die.. nicotine fits that description,fear|grief|nervousness,anger|approval|disapproval|disgust,"anger, disgust, disapproval",883.03
llama3:8b,edgr9zl,I have trouble even remembering what true happiness feels like,sadness,disappointment|sadness,"disappointment, sadness",857.0
llama3:8b,ef9gr3l,I thought it was like a fake url sorry,disapproval,annoyance|disappointment,"annoyance, disappointment",1233.8
llama3:8b,eeeh3hi,is [NAME] coming back?,curiosity,curiosity,"curiosity, anxiety",810.67
llama3:8b,edzdwxi,I didn't think it was that bad tbh,surprise,amusement|annoyance,"annoyance, amusement",926.54
llama3:8b,ed3otkz,Love how he stops and embraces the pole.,love,amusement|joy|love,"amusement, joy, love",917.88
llama3:8b,ed5f1q6,oh thats nasty!,annoyance,anger|disgust,"disgust, anger",1326.98
llama3:8b,ef1bkoq,I need the snapchatzzzz give me names damnit,desire,anger|annoyance,"anger, frustration, annoyance",1330.21
llama3:8b,eefeg9d,Oops! The lack of free trade caused the death of 20 Million proletariat!,grief|realization,anger|disgust|sadness,"anger, disgust, sadness",1330.0
llama3:8b,eewpvpw,I like waitresses. Aren't they swell.,approval|curiosity,admiration|amusement,"amusement, admiration",922.65
llama3:8b,ee3iou4,I'm pretty relaxed thanks for the concern though,gratitude,amusement|gratitude|relief,"relief, gratitude, amusement",921.5
llama3:8b,eejmqgl,Damn it!,disappointment,anger,anger,720.48
llama3:8b,ef4sk1n,I'm slippery,embarrassment,amusement|surprise,"amusement, surprise",812.53
llama3:8b,eem5plb,> I am not [begging] for money Yes you are. Rule 2.,sadness,anger|annoyance,"anger, annoyance",816.57
llama3:8b,efgu1bo,Teach her the importance of standing up for herself and being a strong person,caring,admiration|approval,"admiration, approval, care",1219.0
llama3:8b,ed4hkk7,"I'm not advocating eating the pain away, but bring apples just in case.",sadness,amusement|relief,"amusement, relief",854.95
llama3:8b,ee4bmux,"I'm curious, what you mean?",curiosity,curiosity,curiosity,791.67
llama3:8b,eel6g5c,Its that classic rare games bring everyone together,approval,amusement|joy,"amusement, joy",816.79
llama3:8b,edx5jjx,*Claims to know Chinese people and Chinese culture* *doesn't even speak the language*,disapproval,annoyance|disgust,"annoyance, disgust",919.17
llama3:8b,efdt2uc,"you have zero evidence that anything in this story is fabricated. your blind cop hatred just really, really wants you to believe that.",annoyance,anger|annoyance|approval|disapproval,"anger, annoyance, disapproval",922.81
llama3:8b,eeovxiz,She has an amazing voice,admiration,admiration|joy,"admiration, joy",1226.88
llama3:8b,eei2lpa,Oh my [NAME]. The hand mixer instead of forks. Shredding poultry is like my least favorite thing on Earth,surprise,annoyance|disappointment|disgust,"annoyance, disgust, disappointment",1332.37
llama3:8b,ee1wky7,"That's the death mark, Looks like you've been chosen for sacrifice. Sorry bud",remorse|sadness,anger|disgust|fear|sadness,"anger, fear, disgust, sadness",1328.9
llama3:8b,eez20qy,My dude looks like he's done with this WWE business,optimism,amusement|annoyance,"amusement, annoyance",918.78
llama3:8b,edw79la,You are BOTH awful people.,disgust,anger|approval|disapproval|disgust,"anger, disgust, disapproval",923.15
llama3:8b,ed9oay6,Because love is a lie and there is no happiness in the world,love,disappointment|disgust|sadness,"disappointment, sadness, disgust",860.01
llama3:8b,ed6510j,Our knight in shining armor. I'll miss those high socks,disappointment,amusement,"amusement, nostalgia",876.86
llama3:8b,ef9evqj,"The caption is kinda stupid, but I like the photo.",pride,amusement|annoyance|approval,"amusement, annoyance, approval",1227.69
llama3:8b,eeiewym,"[NAME], the ""launch more satellites or threaten to sue [NAME]"" one made me lose it.",fear|nervousness,anger|annoyance,"anger, annoyance",794.92
llama3:8b,ef1x0j8,Does this attitude go for anything where you accidently end up killing someone via stupid behaviour?,annoyance,anger|disgust|surprise,"anger, disgust, surprise",941.55
llama3:8b,ees0it8,right and hope you don't realize until too late that you're way better than me,optimism,admiration|sadness,"admiration, jealousy, sadness",923.67
llama3:8b,ee6vrtp,All jokes aside my birthday is January 2nd as well if yours really is,surprise,amusement|surprise,"amusement, surprise",801.21
llama3:8b,eer2s8d,they are going to need a gardener soon!!,joy,annoyance|surprise,"annoyance, surprise",880.5
llama3:8b,ed5bawt,You're all insane.,annoyance,anger|annoyance,"anger, annoyance",873.81
llama3:8b,efey3id,"You hit the nail on the head, my friend.",sadness,admiration|approval,"admiration, approval",1226.34
llama3:8b,efh2zh5,"I don't know who the hell that is, but I will gladly upvote your post because it's not a stupid driving rant.",pride,amusement|annoyance|approval,"amusement, annoyance, approval",1435.55
llama3:8b,eeqmor1,Do You Shit Fart?,disgust,amusement|disgust,"amusement, disgust",1433.79
llama3:8b,efbfa98,"To see how much he really cares, what he will do, it usually backfires on me though :(",disappointment,annoyance|disappointment|sadness,"disappointment, sadness, annoyance",920.87
llama3:8b,eerul6l,"Honestly, this would creep me out a bit.",nervousness,disgust,"disgust, unease",918.32
llama3:8b,eepr8wm,"Thank you for your reply. It gives me hope, and I will your previous post in a bit.",gratitude|optimism,curiosity|gratitude|relief,"gratitude, relief, curiosity",921.06
llama3:8b,ee4h3c5,"From my experience minoxidil only stops loss, unfortunately it doesn't encourage new growth",sadness,disappointment,"disappointment, frustration",823.39
llama3:8b,efh6z5r,Waited 4 months for trash. But hey I can drive the truck around and live out my can recycling fantasy.,pride,amusement|relief,"amusement, relief",815.81
llama3:8b,eejpx39,"Now that's brilliant... 30? woah. I'm only 19, hope it doesn't take me that long",optimism,admiration|amusement|relief|surprise,"admiration, surprise, amusement, relief",992.88
llama3:8b,eetm3f1,"Oh I'm sure you did. That's why you posted it 3 times, huh?",approval|curiosity,amusement|anger|annoyance,"anger, annoyance, amusement",942.76
llama3:8b,edfuupy,Chills. I can’t wait. I’m sure [NAME] will get over this not being happy because they have bigger fish to fry.,nervousness,admiration|amusement|excitement,"admiration, excitement, amusement",922.56
llama3:8b,ee1y23c,Poor [NAME] doesn't deserve that!,remorse|sadness,anger|approval|disappointment|disapproval,"anger, disapproval, disappointment",863.93
llama3:8b,eez33s9,Oh my gosh. This woman who died also had a son who died. Holy tragedy,grief|surprise,grief|sadness|surprise,"grief, sadness, surprise",884.85
llama3:8b,efg6uzp,"I'm tall but no one is attracted to me, because I'm ugly, I have a big nose and ears.",embarrassment,disappointment|disgust|sadness,"disappointment, sadness, disgust",855.73
llama3:8b,edd6o6j,Brave move. Congrats and best of luck.,admiration|joy,admiration|approval|excitement|gratitude,"admiration, approval, excitement, gratitude",1331.73
llama3:8b,eewy24f,One of the more disgusting virtue signals I've seen,disgust,annoyance|disgust,"disgust, annoyance",1277.84
llama3:8b,edlxy2l,I saw that [NAME] page was already updated with head coach of AZ as well.,amusement,neutral,neutral,1141.81
llama3:8b,eerlb8c,Hot damn... we're going to Sea World!,excitement,amusement|excitement,"amusement, excitement",904.05
llama3:8b,edb2nxi,"I'm the first one, so that's wrong. Party affiliation =/= political leaning",embarrassment|sadness,anger|annoyance|approval|disapproval,"anger, annoyance, disapproval",921.1
llama3:8b,ee7j6q5,I mean yeah we were the best counter attacking team. That counter was so disappointing,disappointment,annoyance|disappointment,"disappointment, annoyance",921.01
llama3:8b,eeadvnp,That's really sad and shocking to hear this Really embarrassed to be a human being on this earth...,sadness,embarrassment|sadness|surprise,"sadness, embarrassment, surprise",919.78
llama3:8b,ef16i3p,[NAME] had them a few months ago. Friend bought some for her sick dog.,caring,caring|gratitude,"caring, gratitude",901.71
llama3:8b,edn975u,"I mean, it'd be nice to see some other teams in the championship anyways, it's been Bama vs. Clemson 3/4 past years",desire,annoyance|neutral,"neutral, annoyance",809.42
llama3:8b,eehj2sm,"You’re heartless if you’re calling people who smoke marijuana “druggies” and I’m done arguing with you, have a nice day.",anger|annoyance,anger|annoyance|disgust,"anger, annoyance, disgust",947.99
llama3:8b,eehipe5,"I'd love [NAME], boy can shoot",admiration|caring|love,admiration|joy,"admiration, joy",916.82
llama3:8b,ed5aniw,Are you sincerely saying that [NAME] are bad because they were in the minority?,disgust,anger|approval|disapproval|surprise,"anger, disapproval, surprise",880.14
llama3:8b,edoojkb,I wish I had seen this as a teenager :(,desire,disappointment|sadness,"disappointment, sadness",868.5
llama3:8b,edrf7wa,What a poor woman who only wanted to tell someone what to do.,grief|sadness,admiration|sadness,"admiration, sympathy, sadness",1136.5
llama3:8b,ee28ihz,I'm not sure. There's some good youtube compilations of him.,excitement,neutral,neutral,1228.33
llama3:8b,ee4p8ut,"Considering how many of this involves hiding bottles, it wouldn’t surprise me.",confusion|curiosity,amusement|surprise,"amusement, surprise",1209.27
llama3:8b,ef2nsi8,I love this sub,love,love,love,1146.11
llama3:8b,ees9f62,"To the rest of the world, I would like to say, ""Sorry.""",remorse,disappointment|remorse,"disappointment, remorse, apology",953.96
llama3:8b,ed8p8um,"Had a quick listen and it could potentially be my jam! Thank you, kind [NAME] :)",gratitude,admiration|amusement|gratitude,"admiration, amusement, gratitude",913.59
llama3:8b,eehzcer,that's a proud dad,pride,pride,pride,873.69
llama3:8b,eez0eck,I'm worried he choked to death before he could finish the sentence.,grief|nervousness,fear,"fear, worry",920.68
llama3:8b,edzgaty,True! He probably is just lonely. Thank you for the kind words :),excitement|gratitude,amusement|caring|gratitude,"caring, gratitude, amusement",844.06
llama3:8b,ed77yvz,Wtf Powerhouse Macomb is the gym I go to. I've never seen this dude there.,surprise,amusement|surprise,"surprise, amusement",892.29
llama3:8b,eddfkcx,"What is the point of this app? Not much is given on their page on the app store other than ""fun""",joy,annoyance|disappointment,"annoyance, disappointment",922.65
llama3:8b,ef7de4k,"Didnt know that, just saw ""LG"" devices and got nervous. Bummer for you though, that sucks :/",annoyance|nervousness|realization,disappointment|disgust|nervousness,"nervousness, disappointment, disgust",919.73
llama3:8b,eerai8z,Pleasure!:),joy,amusement|joy,"amusement, joy",919.01
llama3:8b,edqymza,Is that not with mice though? I could be wrong or maybe its rats & mice. Edit: field mice in particular.,confusion,amusement|curiosity,"curiosity, amusement",922.0
llama3:8b,edz70xl,nice try buddy,optimism,amusement|approval,"amusement, approval",921.78
llama3:8b,ed4c8ce,Taking a charge up 30. I love this team,love,admiration|excitement|joy|love,"admiration, excitement, joy, love",1267.55
llama3:8b,eeo4b7n,"Couldn't really fit this as a ""how to,"" does that mean I have to go to jail now? Source:",fear,anger,"anger, anxiety",1292.44
llama3:8b,eel5lra,"I never thought this fatality fit him, unlike [NAME] or [NAME].",grief,disappointment|surprise,"disappointment, surprise",1327.03
llama3:8b,ef4k8a4,"Yes, you are a lucky man. Treat her well, for the rest of your life.",approval|caring,admiration|gratitude|love,"admiration, gratitude, love",921.15
llama3:8b,ee8xbjc,I feel uncomfortable how we didn’t see him resurface...,embarrassment,sadness,"discomfort, sadness",817.67
llama3:8b,eed4o1l,I'm still worried about [NAME] though :(,nervousness,fear,"fear, worry",1226.85
llama3:8b,eeues0x,Thank you for that. I just want to feel safe secure and loved just once.,gratitude|love,desire|love|sadness,"desire, sadness, love",919.55
llama3:8b,ed8zhn6,"Preach in such a way that if people don't end up hating their sin, they end up hating you. -[NAME]",realization,anger|approval|disapproval,"anger, disapproval",814.09
llama3:8b,edfv5h7,"Man, and I thought the princess and the toad was an odd story",neutral,amusement|surprise,"amusement, surprise",818.13
llama3:8b,eduvl0h,[NAME] baby where you going.,neutral,annoyance|curiosity,"curiosity, annoyance",922.56
llama3:8b,edbs8eq,"It turns out he works for [NAME], so maybe your instinctive distrust might not have been the worst first reaction.",optimism,admiration|amusement|approval,"admiration, amusement, approval",923.67
llama3:8b,edaik69,I didn't realise,realization,confusion,confusion,1124.51
llama3:8b,eepceyo,r/iamverysmart and r/woooosh in one. That is just about how pathetic one can be.,disapproval,annoyance|disgust|sadness,"annoyance, disgust, sadness",956.27
llama3:8b,ef9uiqv,"Thanks, didn't know that",gratitude,amusement|surprise,"surprise, amusement",882.98
llama3:8b,efa4gh9,"Thats what makes me think OP is secretly the ""nice guy"" here.",admiration,amusement,"amusement, amusement",1174.56
llama3:8b,edumuib,What deal did [NAME] make to the **benefit** of the Syrian [NAME]??,confusion,anger|curiosity,"anger, curiosity",1280.58
llama3:8b,ee8lyzf,"Okay, enough me being a great mom.",pride,annoyance|disappointment,"annoyance, disappointment",1201.62
llama3:8b,eet3ns7,Mmmm traveling for work often isn't exactly the most desirable situation. It can be exhausting.,neutral,annoyance|disappointment|relief,"annoyance, disappointment, relief",895.9
llama3:8b,efgpsll,"I have no idea what you’re talking about, so do you have carpentry experience and/or background in engineering?",confusion|curiosity,annoyance|confusion,"confusion, annoyance",854.9
llama3:8b,ee5bn91,that is a rather attractive cartoon man,excitement,admiration|amusement,"admiration, amusement",830.11
llama3:8b,eczcky9,Yea it’s so weird,embarrassment,amusement|surprise,"amusement, surprise",922.82
llama3:8b,eer0ao4,"Lol at the caption, but I believe it’s Netflix’s new original movie Close.",approval,amusement|approval,"amusement, approval",918.23
llama3:8b,efdcedw,That's ok I get it exactly you're ok with me,approval,approval|caring|relief,"caring, relief, approval",1142.53
llama3:8b,eejlu2l,"Yes, thankfully it has never happened to me, asking out of (morbid) curiosity.",relief,amusement|curiosity|relief,"amusement, relief, curiosity",900.97
llama3:8b,edosedi,At first glance I thought he was just being a good citizen and trying to perform CPR on the poor guy,optimism,neutral,neutral,818.11
llama3:8b,eeadamq,not worrying about being condemned to eternal hellfire for it takes away one impediment.,disapproval,amusement|relief,"amusement, relief",866.56
llama3:8b,efafosi,I have little to no anxiety and it really helps me when i have to take a test.,relief,gratitude|relief,"relief, gratitude",870.89
